datei,autoren,lizenzen,urls
hair/xlong/adult/bg/walk.png,"JaidynReiman,Nila122","OGA-BY 3.0,CC-BY-SA 3.0,GPL 2.0,GPL 3.0","https://opengameart.org/content/lpc-clothes-and-hair,https://opengameart.org/content/lpc-expanded-xlong-hair"
hair/xlong/adult/bg/idle.png,"JaidynReiman,Nila122","OGA-BY 3.0,CC-BY-SA 3.0,GPL 2.0,GPL 3.0","https://opengameart.org/content/lpc-clothes-and-hair,https://opengameart.org/content/lpc-expanded-xlong-hair"
hair/xlong/adult/bg/sit.png,"JaidynReiman,Nila122","OGA-BY 3.0,CC-BY-SA 3.0,GPL 2.0,GPL 3.0","https://opengameart.org/content/lpc-clothes-and-hair,https://opengameart.org/content/lpc-expanded-xlong-hair"
body/bodies/female/walk.png,"Benjamin K. Smith (BenCreating),bluecarrot16,TheraHedwig,Evert,MuffinElZangano,Durrani,Pierre Vigier (pvigier),ElizaWy,Matthew Krohn (makrohn),Johannes Sjölund (wulax),Stephen Challener (Redshrike)","OGA-BY 3.0,CC-BY-SA 3.0,GPL 3.0","https://opengameart.org/content/liberated-pixel-cup-lpc-base-assets-sprites-map-tiles,https://opengameart.org/content/lpc-medieval-fantasy-character-sprites,https://opengameart.org/content/lpc-ladies,https://opengameart.org/content/lpc-7-womens-shirts,https://opengameart.org/content/lpc-jump-expanded,https://opengameart.org/content/lpc-be-seated,https://opengameart.org/content/lpc-revised-character-basics,https://gitlab.com/vagabondgame/lpc-characters,https://opengameart.org/content/lpc-male-jumping-animation-by-durrani,https://opengameart.org/content/lpc-runcycle-and-diagonal-walkcycle"
body/bodies/female/idle.png,"Benjamin K. Smith (BenCreating),bluecarrot16,TheraHedwig,Evert,MuffinElZangano,Durrani,Pierre Vigier (pvigier),ElizaWy,Matthew Krohn (makrohn),Johannes Sjölund (wulax),Stephen Challener (Redshrike)","OGA-BY 3.0,CC-BY-SA 3.0,GPL 3.0","https://opengameart.org/content/liberated-pixel-cup-lpc-base-assets-sprites-map-tiles,https://opengameart.org/content/lpc-medieval-fantasy-character-sprites,https://opengameart.org/content/lpc-ladies,https://opengameart.org/content/lpc-7-womens-shirts,https://opengameart.org/content/lpc-jump-expanded,https://opengameart.org/content/lpc-be-seated,https://opengameart.org/content/lpc-revised-character-basics,https://gitlab.com/vagabondgame/lpc-characters,https://opengameart.org/content/lpc-male-jumping-animation-by-durrani,https://opengameart.org/content/lpc-runcycle-and-diagonal-walkcycle"
body/bodies/female/sit.png,"Benjamin K. Smith (BenCreating),bluecarrot16,TheraHedwig,Evert,MuffinElZangano,Durrani,Pierre Vigier (pvigier),ElizaWy,Matthew Krohn (makrohn),Johannes Sjölund (wulax),Stephen Challener (Redshrike)","OGA-BY 3.0,CC-BY-SA 3.0,GPL 3.0","https://opengameart.org/content/liberated-pixel-cup-lpc-base-assets-sprites-map-tiles,https://opengameart.org/content/lpc-medieval-fantasy-character-sprites,https://opengameart.org/content/lpc-ladies,https://opengameart.org/content/lpc-7-womens-shirts,https://opengameart.org/content/lpc-jump-expanded,https://opengameart.org/content/lpc-be-seated,https://opengameart.org/content/lpc-revised-character-basics,https://gitlab.com/vagabondgame/lpc-characters,https://opengameart.org/content/lpc-male-jumping-animation-by-durrani,https://opengameart.org/content/lpc-runcycle-and-diagonal-walkcycle"
head/heads/human/female/walk.png,"bluecarrot16,Benjamin K. Smith (BenCreating),Stephen Challener (Redshrike)","OGA-BY 3.0,CC-BY-SA 3.0,GPL 3.0","https://opengameart.org/content/,https://opengameart.org/content/lpc-character-bases"
head/heads/human/female/idle.png,"bluecarrot16,Benjamin K. Smith (BenCreating),Stephen Challener (Redshrike)","OGA-BY 3.0,CC-BY-SA 3.0,GPL 3.0","https://opengameart.org/content/,https://opengameart.org/content/lpc-character-bases"
head/heads/human/female/sit.png,"bluecarrot16,Benjamin K. Smith (BenCreating),Stephen Challener (Redshrike)","OGA-BY 3.0,CC-BY-SA 3.0,GPL 3.0","https://opengameart.org/content/,https://opengameart.org/content/lpc-character-bases"
eyes/eyebrows/thin/adult/walk.png,ElizaWy,OGA-BY 3.0,"https://github.com/ElizaWy/LPC/tree/main/Characters/Hair,https://opengameart.org/content/lpc-expanded-sit-run-jump-more"
eyes/eyebrows/thin/adult/idle.png,ElizaWy,OGA-BY 3.0,"https://github.com/ElizaWy/LPC/tree/main/Characters/Hair,https://opengameart.org/content/lpc-expanded-sit-run-jump-more"
eyes/eyebrows/thin/adult/sit.png,ElizaWy,OGA-BY 3.0,"https://github.com/ElizaWy/LPC/tree/main/Characters/Hair,https://opengameart.org/content/lpc-expanded-sit-run-jump-more"
legs/pants/thin/walk.png,"bluecarrot16,JaidynReiman,ElizaWy,Joe White,Matthew Krohn (makrohn),Johannes Sjölund (wulax),Stephen Challener (Redshrike)","OGA-BY 3.0,GPL 3.0,CC-BY-SA 3.0","https://opengameart.org/content/liberated-pixel-cup-lpc-base-assets-sprites-map-tiles,https://opengameart.org/content/lpc-medieval-fantasy-character-sprites,http://opengameart.org/content/lpc-clothing-updates,https://opengameart.org/content/lpc-expanded-pants"
legs/pants/thin/idle.png,"bluecarrot16,JaidynReiman,ElizaWy,Joe White,Matthew Krohn (makrohn),Johannes Sjölund (wulax),Stephen Challener (Redshrike)","OGA-BY 3.0,GPL 3.0,CC-BY-SA 3.0","https://opengameart.org/content/liberated-pixel-cup-lpc-base-assets-sprites-map-tiles,https://opengameart.org/content/lpc-medieval-fantasy-character-sprites,http://opengameart.org/content/lpc-clothing-updates,https://opengameart.org/content/lpc-expanded-pants"
legs/pants/thin/sit.png,"bluecarrot16,JaidynReiman,ElizaWy,Joe White,Matthew Krohn (makrohn),Johannes Sjölund (wulax),Stephen Challener (Redshrike)","OGA-BY 3.0,GPL 3.0,CC-BY-SA 3.0","https://opengameart.org/content/liberated-pixel-cup-lpc-base-assets-sprites-map-tiles,https://opengameart.org/content/lpc-medieval-fantasy-character-sprites,http://opengameart.org/content/lpc-clothing-updates,https://opengameart.org/content/lpc-expanded-pants"
feet/shoes/basic/thin/walk.png,"JaidynReiman,Joe White,Johannes Sjölund (wulax)","OGA-BY 3.0,CC-BY-SA 3.0,GPL 3.0","https://opengameart.org/content/lpc-medieval-fantasy-character-sprites,http://opengameart.org/content/lpc-clothing-updates,https://opengameart.org/content/lpc-expanded-socks-shoes"
feet/shoes/basic/thin/idle.png,"JaidynReiman,Joe White,Johannes Sjölund (wulax)","OGA-BY 3.0,CC-BY-SA 3.0,GPL 3.0","https://opengameart.org/content/lpc-medieval-fantasy-character-sprites,http://opengameart.org/content/lpc-clothing-updates,https://opengameart.org/content/lpc-expanded-socks-shoes"
feet/shoes/basic/thin/sit.png,"JaidynReiman,Joe White,Johannes Sjölund (wulax)","OGA-BY 3.0,CC-BY-SA 3.0,GPL 3.0","https://opengameart.org/content/lpc-medieval-fantasy-character-sprites,http://opengameart.org/content/lpc-clothing-updates,https://opengameart.org/content/lpc-expanded-socks-shoes"
torso/clothes/shortsleeve/tshirt/female/walk.png,"ElizaWy,JaidynReiman,Stephen Challener (Redshrike),Johannes Sjölund (wulax)",OGA-BY 3.0,"https://opengameart.org/content/lpc-revised-character-basics,https://github.com/ElizaWy/LPC/tree/main/Characters/Clothing,https://opengameart.org/content/lpc-expanded-sit-run-jump-more,https://opengameart.org/content/lpc-expanded-simple-shirts"
torso/clothes/shortsleeve/tshirt/female/idle.png,"ElizaWy,JaidynReiman,Stephen Challener (Redshrike),Johannes Sjölund (wulax)",OGA-BY 3.0,"https://opengameart.org/content/lpc-revised-character-basics,https://github.com/ElizaWy/LPC/tree/main/Characters/Clothing,https://opengameart.org/content/lpc-expanded-sit-run-jump-more,https://opengameart.org/content/lpc-expanded-simple-shirts"
torso/clothes/shortsleeve/tshirt/female/sit.png,"ElizaWy,JaidynReiman,Stephen Challener (Redshrike),Johannes Sjölund (wulax)",OGA-BY 3.0,"https://opengameart.org/content/lpc-revised-character-basics,https://github.com/ElizaWy/LPC/tree/main/Characters/Clothing,https://opengameart.org/content/lpc-expanded-sit-run-jump-more,https://opengameart.org/content/lpc-expanded-simple-shirts"
torso/clothes/longsleeve/longsleeve2_cardigan/female/walk.png,"ElizaWy,JaidynReiman,Stephen Challener (Redshrike),Johannes Sjölund (wulax)",OGA-BY 3.0,"http://opengameart.org/content/lpc-revised-character-basics,https://github.com/ElizaWy/LPC/tree/main/Characters/Clothing,https://opengameart.org/content/lpc-expanded-sit-run-jump-more,https://opengameart.org/content/lpc-expanded-simple-shirts"
torso/clothes/longsleeve/longsleeve2_cardigan/female/idle.png,"ElizaWy,JaidynReiman,Stephen Challener (Redshrike),Johannes Sjölund (wulax)",OGA-BY 3.0,"http://opengameart.org/content/lpc-revised-character-basics,https://github.com/ElizaWy/LPC/tree/main/Characters/Clothing,https://opengameart.org/content/lpc-expanded-sit-run-jump-more,https://opengameart.org/content/lpc-expanded-simple-shirts"
torso/clothes/longsleeve/longsleeve2_cardigan/female/sit.png,"ElizaWy,JaidynReiman,Stephen Challener (Redshrike),Johannes Sjölund (wulax)",OGA-BY 3.0,"http://opengameart.org/content/lpc-revised-character-basics,https://github.com/ElizaWy/LPC/tree/main/Characters/Clothing,https://opengameart.org/content/lpc-expanded-sit-run-jump-more,https://opengameart.org/content/lpc-expanded-simple-shirts"
neck/necklace/chain/female/walk.png,bluecarrot16,CC0,https://opengameart.org/content/lpc-jewelry
facial/earrings/stud/female/walk.png,bluecarrot16,CC0,https://opengameart.org/content/lpc-jewelry
hair/xlong/adult/fg/walk.png,"JaidynReiman,Nila122","OGA-BY 3.0,CC-BY-SA 3.0,GPL 2.0,GPL 3.0","https://opengameart.org/content/lpc-clothes-and-hair,https://opengameart.org/content/lpc-expanded-xlong-hair"
hair/xlong/adult/fg/idle.png,"JaidynReiman,Nila122","OGA-BY 3.0,CC-BY-SA 3.0,GPL 2.0,GPL 3.0","https://opengameart.org/content/lpc-clothes-and-hair,https://opengameart.org/content/lpc-expanded-xlong-hair"
hair/xlong/adult/fg/sit.png,"JaidynReiman,Nila122","OGA-BY 3.0,CC-BY-SA 3.0,GPL 2.0,GPL 3.0","https://opengameart.org/content/lpc-clothes-and-hair,https://opengameart.org/content/lpc-expanded-xlong-hair"
facial/glasses/glasses/adult/walk.png,ElizaWy,OGA-BY 3.0,"https://github.com/ElizaWy/LPC/tree/main/Characters/Head%20Accessories,https://opengameart.org/content/lpc-expanded-sit-run-jump-more"
facial/glasses/glasses/adult/idle.png,ElizaWy,OGA-BY 3.0,"https://github.com/ElizaWy/LPC/tree/main/Characters/Head%20Accessories,https://opengameart.org/content/lpc-expanded-sit-run-jump-more"
facial/glasses/glasses/adult/sit.png,ElizaWy,OGA-BY 3.0,"https://github.com/ElizaWy/LPC/tree/main/Characters/Head%20Accessories,https://opengameart.org/content/lpc-expanded-sit-run-jump-more"
